imo,name_owner_builder_raw,capacity_cm,cargo_type,vessel_type,propulsion_type,delivery_year
9443401,Aamira Nakilat Samsung,266000,Membrane,Q-Max,SSD,2010
9501186,Adam LNG Asyad Shipping HD Hyundai,162000,Membrane,Conventional,DFDE,2014
9879698,Adamastos Capital Gas HD Hyundai,174000,Membrane,Conventional,X-DF,2021
9831220,Adriano Knutsen Knutsen OAS HD Hyundai,180000,Membrane,Conventional,ME-GI,2019
9958286,Aktoras Capital Gas HD Hyundai,174000,Membrane,Conventional,ME-GA,2024
9338266,"Al Aamriya NYK Line, K Line, MOL, lino, Mitsui, Nakilat Hanwha Ocean",216200,Membrane,Q-Flex,SSD,2008
9325697,Al Areesh Seapeak Hanwha Ocean,151700,Membrane,Conventional,Steam,2007
9431147,Al Bahiya Nakilat Hanwha Ocean,210100,Membrane,Q-Flex,SSD,2010
9132741,Al Bidda J4 Consortium Kawasaki,137300,Spherical,Conventional,Steam,1999
9325702,Al Daayen Seapeak Hanwha Ocean,151700,Membrane,Conventional,Steam,2007
9443683,Al Dafna Nakilat Samsung,266400,Membrane,Q-Max,SSD,2009
9307176,"Al Deebel MOL, NYK Line, K Line Samsung",145700,Membrane,Conventional,Steam,2005
9337705,"Al Gattara Nakilat, Asyad Shipping HD Hyundai",216200,Membrane,Q-Flex,SSD,2007
9337987,"Al Ghariya Commerz Real, Nakilat, PRONAV Hanwha Ocean",210200,Membrane,Q-Flex,SSD,2008
9337717,"Al Gharrafa Nakilat, Asyad Shipping HD Hyundai",216200,Membrane,Q-Flex,SSD,2008
9397286,Al Ghashamiya Nakilat Samsung,217600,Membrane,Q-Flex,SSD,2009
9372743,Al Ghuwairiya Nakilat Hanwha Ocean,263300,Membrane,Q-Max,SSD,2008
9337743,"Al Hamla Nakilat, Asyad Shipping Samsung",216200,Membrane,Q-Flex,SSD,2008
9074640,Al Hamra National Gas Shipping Co Kvaerner Masa,135000,Spherical,Conventional,Steam,1997
9360879,"Al Huwaila Nakilat, Seapeak Samsung",217000,Membrane,Q-Flex,SSD,2008
9132791,Al Jasra J4 Consortium Mitsubishi,137200,Spherical,Conventional,Steam,2000
9324435,"Al Jassasiya Maran Gas Maritime, Nakilat Hanwha Ocean",145700,Membrane,Conventional,Steam,2007
9431123,Al Karaana Nakilat Hanwha Ocean,210100,Membrane,Q-Flex,SSD,2009
9397327,Al Kharaitiyat Nakilat HD Hyundai,216300,Membrane,Q-Flex,SSD,2009
9360881,"Al Kharsaah Nakilat, Seapeak Samsung",217000,Membrane,Q-Flex,SSD,2008
9431111,Al Khattiya Nakilat Hanwha Ocean,210200,Membrane,Q-Flex,SSD,2009
9038440,Al Khaznah National Gas Shipping Co Mitsui,135000,Spherical,Conventional,Steam,1994
9085613,Al Khor J4 Consortium Mitsubishi,137400,Spherical,Conventional,Steam,1996
9360908,"Al Khuwair Nakilat, Seapeak Samsung",217000,Membrane,Q-Flex,SSD,2008
9397315,Al Mafyar Nakilat Samsung,266400,Membrane,Q-Max,SSD,2009
9325685,"Al Marrouna Nakilat, Seapeak Hanwha Ocean",152600,Membrane,Conventional,Steam,2006
9397298,Al Mayeda Nakilat Samsung,266000,Membrane,Q-Max,SSD,2009
9431135,Al Nuaman Nakilat Hanwha Ocean,210100,Membrane,Q-Flex,SSD,2009
9360790,"Al Oraiq NYK Line, K Line, MOL, lino, Mitsui, Nakilat Hanwha Ocean",210200,Membrane,Q-Flex,SSD,2008
9976812,Al Qaiyyah K3 Consortium Samsung Heavy Industries,174000,Membrane,Conventional,ME-GA,2024
9086734,Al Rayyan J4 Consortium Kawasaki,137400,Spherical,Conventional,Steam,1997
9397339,Al Rekayyat Nakilat HD Hyundai,216300,Membrane,Q-Flex,SSD,2009
9337951,"Al Ruwais Commerz Real, Nakilat, PRONAV Hanwha Ocean",210200,Membrane,Q-Flex,SSD,2007
9397341,Al Sadd Nakilat Hanwha Ocean,210200,Membrane,Q-Flex,SSD,2029
9680190,Asia Venture Chevron Samsung,160000,Membrane,Conventional,DFDE,2017
9606948,Asia Vision Chevron Samsung,160000,Membrane,Conventional,DFDE,2014
9884021,Asklipios Capital Gas HD Hyundai,174000,Membrane,Conventional,X-DF,2021
9957725,Assos (ex-3341) Capital Gas HD Hyundai,174000,Membrane,Conventional,ME-GA,2024
9892298,Asterix I Capital Gas HD Hyundai,174000,Membrane,Conventional,X-DF,2023
9972672,Athos LNG (ex-Samsung 2635) TMS Cardiff Gas Samsung,174000,Membrane,Conventional,ME-GA,2024
9862920,Attalos Capital Gas HD Hyundai,174000,Membrane,Conventional,X-DF,2021
9943853,Axios II Capital Gas HD Hyundai,174000,Membrane,Conventional,ME-GA,2024
9401295,Barcelona Knutsen Knutsen OAS Hanwha Ocean,173400,Membrane,Conventional,DFDE,2009
9713105,Bauhinia Spirit MOL Hanwha Ocean,263000,Membrane,FSRU,DFDE,2017
9613159,"Beidou Star MOL, China LNG Hudong- Zhonghua",171800,Membrane,Conventional,SSD,2015
9256597,Berge Arzew BW Hanwha Ocean,138000,Membrane,Conventional,Steam,2004
9236432,Bilbao Knutsen Knutsen OAS IZAR,138000,Membrane,Conventional,Steam,2004
9691137,Bishu Maru Trans Pacific Shipping Kawasaki,164700,Spherical,Conventional,Steam,2017
9845788,Bonito LNG TMS Cardiff Gas HD Hyundai,174000,Membrane,Conventional,X-DF,2020
9768394,Boris Davydov Sovcomflot Hanwha Ocean,172000,Membrane,,DFDE,2018
9768368,Boris Vilkitsky Sovcomflot Hanwha Ocean,172000,Membrane,,DFDE,2017
9766542,British Achiever BP Hanwha Ocean,173400,Membrane,Conventional,ME-GI,2018
9766554,British Contributor BP Hanwha Ocean,173400,Membrane,Conventional,ME-GI,2018
9766566,British Listener BP Hanwha Ocean,173400,Membrane,Conventional,ME-GI,2019
9766578,British Mentor BP Hanwha Ocean,173400,Membrane,Conventional,ME-GI,2019
9766530,British Partner BP Hanwha Ocean,173400,Membrane,Conventional,ME-GI,2018
9766580,British Sponsor BP Hanwha Ocean,173400,Membrane,Conventional,ME-GI,2019
9085651,Broog J4 Consortium Mitsui,137500,Spherical,Conventional,Steam,1998
9976824,Bu Fintas K3 Consortium Samsung,174000,Membrane,Conventional,ME-GI,2024
9388833,Bu Samra Nakilat Samsung,266000,Membrane,Q-Max,SSD,2008
9796793,"Bushu Maru NYK Line, JERA Mitsubishi",180000,Spherical,Conventional,,2019
9368302,BW Batangas BW Hanwha Ocean,162400,Membrane,FSRU,DFDE,2009
9230062,"BW Boston BW, Total Hanwha Ocean",138000,Membrane,Conventional,Steam,2003
9368314,BW Brussels BW Hanwha Ocean,162500,Membrane,Conventional,DFDE,2009
9896933,BW Cassia BW Hanwha Ocean,174000,Membrane,Conventional,ME-GI,2022
9413327,BW Clear Sky BW Hanwha Ocean,173000,Membrane,Conventional,DFDE,2011
9383900,BW ENN Crystal Sky BW Hanwha Ocean,173000,Membrane,Conventional,DFDE,2011
9896921,BW ENN Snow Lotus BW Hanwha Ocean,174000,Membrane,Conventional,ME-GI,2022
9873852,BW Helios BW Hanwha Ocean,174000,Membrane,Conventional,ME-GI,2021
9724946,"BW Integrity BW, MOL Samsung",173400,Membrane,FSRU,DFDE,2017
9873840,BW Lesmes BW Hanwha Ocean,174000,Membrane,Conventional,ME-GI,2021
9758076,BW Lilac BW Hanwha Ocean,173400,Membrane,Conventional,ME-GI,2018
9792591,BW Magna BW Hanwha Ocean,173400,Membrane,FSRU,DFDE,2019
9850666,BW Magnolia BW Hanwha Ocean,173400,Membrane,Conventional,ME-GI,2020
9792606,"BW Pavilion Aranda BW, Pavilion LNG Hanwha Ocean",173400,Membrane,Conventional,ME-GI,2019
9850678,Bw Pavilion Aranthera BW Hanwha Ocean,170800,Membrane,Conventional,ME-GI,2020
9337963,"Al Safliya Commerz Real, Nakilat, PRONAV Hanwha Ocean",210200,Membrane,Q-Flex,SSD,2007
9360855,"Al Sahla NYK Line, K Line, MOL, lino, Mitsui, Nakilat HD Hyundai",216200,Membrane,Q-Flex,SSD,2008
9388821,Al Samriya Nakilat Hanwha Ocean,263300,Membrane,Q-Max,SSD,2009
9360893,"Al Shamal Nakilat, Seapeak Samsung",217000,Membrane,Q-Flex,SSD,2008
9360831,Al Sheehaniya Nakilat Hanwha Ocean,210200,Membrane,Q-Flex,SSD,2009
9965423,Al Shelila (ex- Jiangnan H2700) ADNOC L&S Jiangnan,174000,Membrane,Conventional,X-DF,2024
9298399,"Al Thakhira K Line, Qatar Shpg. Samsung",145700,Membrane,Conventional,Steam,2005
9360843,"Al Thumama NYK Line, K Line, MOL, lino, Mitsui, Nakilat HD Hyundai",216200,Membrane,Q-Flex,SSD,2008
9360867,"Al Utouriya NYK Line, K Line, MOL, lino, Mitsui, Nakilat HD Hyundai",215000,Membrane,Q-Flex,SSD,2008
9085625,Al Wajbah J4 Consortium Mitsubishi,137300,Spherical,Conventional,Steam,1997
9086746,Al Wakrah J4 Consortium Kawasaki,137600,Spherical,Conventional,Steam,1998
9085649,Al Zubarah J4 Consortium Mitsui,137600,Spherical,Conventional,Steam,1996
9390185,Alexandroupolis GasLog Hanjin H.I.,153000,Membrane,FSRU,DFDE,2010
9904194,Alicante Knutsen Knutsen OAS HD Hyundai,174000,Membrane,Conventional,X-DF,2022
9343106,Alto Acrux Karadeniz Mitsubishi Heavy Industries,147798,Spherical,Conventional,Steam,2008
9682552,Amadi Brunei Gas Carriers HD Hyundai,154800,Membrane,Conventional,DFDE,2015
9496317,Amali Brunei Gas Carriers Hanwha Ocean,147000,Membrane,Conventional,DFDE,2011
9661869,Amani Brunei Gas Carriers HD Hyundai,154800,Membrane,Conventional,DFDE,2014
9845776,Amberjack LNG TMS Cardiff Gas HD Hyundai,174000,Membrane,Conventional,X-DF,2020
9943841,Amore Mio I Capital Gas HD Hyundai,174000,Membrane,Conventional,ME-GA,2023
9317999,Amur River CDB Leasing HD Hyundai,149700,Membrane,Conventional,Steam,2008
9957737,Apostolos Capital Gas HD Hyundai,174000,Membrane,Conventional,ME-GA,2024
9645970,Arctic Aurora CDB Leasing HD Hyundai,155000,Membrane,Conventional,DFDE,2013
9276389,"Arctic Discoverer K Line, Equinor, Mitsui, lino Mitsui",142600,Spherical,Conventional,Steam,2006
9284192,Arctic Lady Hoegh Mitsubishi,148000,Spherical,Conventional,Steam,2006
9271248,"Arctic Princess Hoegh, MOL, Equinor Mitsubishi",148000,Spherical,Conventional,Steam,2006
9275335,"Arctic Voyager K Line, Equinor, Mitsui, lino Kawasaki",142800,Spherical,Conventional,Steam,2006
9862918,Aristarchos Capital Gas HD Hyundai,174000,Membrane,Conventional,X-DF,2021
9862906,Aristidis I Capital Gas HD Hyundai,174000,Membrane,Conventional,X-DF,2021
9862891,Aristos I Capital Gas HD Hyundai,174000,Membrane,Conventional,X-DF,2020
9496305,Arkat Brunei Gas Carriers Hanwha Ocean,147000,Membrane,FSU,DFDE,1985
9319404,Arrow Spirit Jovo Group Imabari,155000,Membrane,Conventional,Steam,2008
9377547,"Aseem MOL, NYK Line, K Line, SCI, Nakilat, Petronet Samsung",155000,Membrane,Conventional,DFDE,2009
9610779,Asia Endeavour Chevron Samsung,160000,Membrane,Conventional,DFDE,2015
9606950,Asia Energy Chevron Samsung,160000,Membrane,Conventional,DFDE,2014
9610767,Asia Excellence Chevron Samsung,160000,Membrane,Conventional,DFDE,2015
9680188,Asia Integrity Chevron Samsung,160000,Membrane,Conventional,DFDE,2017
9323687,Clean Energy CDB Leasing HD Hyundai,149700,Membrane,Conventional,Steam,2007
9943504,Clean Future (ex-3293) Dynagas HD Hyundai,200000,Membrane,Conventional,ME-GA,2024
9655444,Clean Horizon Dynagas HD Hyundai,162000,Membrane,Conventional,DFDE,2015
9637492,Clean Ocean Dynagas HD Hyundai,162000,Membrane,Conventional,DFDE,2014
9637507,Clean Planet Dynagas HD Hyundai,162000,Membrane,Conventional,DFDE,2014
9943475,Clean Resolution Dynagas HD Hyundai,200000,Membrane,Conventional,ME-GA,2023
9655456,Clean Vision Dynagas HD Hyundai,162000,Membrane,Conventional,DFDE,2016
9943499,Clean Vitality Dynagas HD Hyundai,200000,Membrane,Conventional,ME-GA,2024
9869306,Cobia LNG TMS Cardiff Gas HD Hyundai,174000,Membrane,Conventional,X-DF,2021
9307205,Condor LNG TMS Cardiff Gas Samsung,145000,Membrane,Conventional,Steam,2006
9861031,Cool Discoverer Thenamaris HD Hyundai,174000,Membrane,Conventional,X-DF,2020
9640023,Cool Explorer Thenamaris Samsung,160000,Membrane,Conventional,DFDE,2015
9869265,Cool Racer Thenamaris HD Hyundai,174000,Membrane,Conventional,ME-GI,2021
9333606,Cool Ranger BP HD Hyundai,155000,Membrane,Conventional,DFDE,2008
9333591,Cool Rider BP HD Hyundai,155000,Membrane,Conventional,DFDE,2007
9333618,Cool Rover BP HD Hyundai,155000,Membrane,Conventional,DFDE,2008
9636797,Cool Runner Thenamaris Samsung,160000,Membrane,Conventional,DFDE,2014
9636785,Cool Voyager Thenamaris Samsung,160000,Membrane,Conventional,DFDE,2013
9693719,Coral Encanto Anthony Veder Ningbo Xinle Shipbuilding Co Ltd,30000,,,DFDE,2020
9955521,Coral Evolutionist Anthony Veder HD Hyundai,30000,,,X-DF,2023
9919890,Coral Nordic Anthony Veder Jiangnan,30000,,,X-DF,2022
9636711,Corcovado LNG TMS Cardiff Gas Hanwha Ocean,160100,Membrane,Conventional,DFDE,2014
9491812,"Cubal Mitsui, NYK Line, Seapeak Samsung",160000,Membrane,Conventional,DFDE,2012
9376294,"Cygnus Passage TEPCO, NYK Line, Mitsubishi Mitsubishi",147000,Spherical,Conventional,Steam,2009
9308481,Dapeng Moon China LNG Ship Mgmt Hudong- Zhonghua,147200,Membrane,Conventional,Steam,2008
9937907,Dapeng Princess Shenzhen Gas Hudong- Zhonghua,80000,Membrane,,X-DF,2023
9369473,Dapeng Star China LNG Ship Mgmt Hudong- Zhonghua,147600,Membrane,Conventional,Steam,2009
9308479,Dapeng Sun China LNG Ship Mgmt Hudong- Zhonghua,147200,Membrane,Conventional,Steam,2008
9874454,"Diamond Gas Crystal MISC, Mitsubishi, NYK Line HD Hyundai",174000,Membrane,Conventional,X-DF,2021
9862487,Diamond Gas Metropolis NYK Line HD Hyundai,174000,Membrane,Conventional,X-DF,2020
9779226,Diamond Gas Orchid NYK Line Mitsubishi,165000,Spherical,Conventional,,2018
9779238,Diamond Gas Rose NYK Line Mitsubishi,165000,Spherical,Conventional,,2018
9810020,Diamond Gas Sakura NYK Line Mitsubishi,165000,Spherical,Conventional,,2019
9874466,"Diamond Gas Victoria MISC, Mitsubishi, NYK Line, Toho LNG Shipping HD Hyundai",174000,Membrane,Conventional,X-DF,2021
9250713,"Disha MOL, NYK Line, K Line, SCI, Nakilat, Petronet Hanwha Ocean",138100,Membrane,Conventional,Steam,2004
9085637,Doha J4 Consortium Mitsubishi,137300,Spherical,Conventional,Steam,1999
9640645,"BW Pavilion Leeara BW, Pavilion LNG HD Hyundai",162000,Membrane,Conventional,DFDE,2015
9640437,"BW Pavilion Vanda BW, Pavilion LNG HD Hyundai",162000,Membrane,Conventional,DFDE,2015
9684495,BW Singapore Snam Samsung,170200,Membrane,FSRU,DFDE,2015
9236626,"BW Tatiana (ex-Gallina) BW, Invenenergy Investment Company Mitsubishi",136600,Spherical,FSRU,Steam,2002
9758064,BW Tulip BW Hanwha Ocean,173400,Membrane,Conventional,ME-GI,2018
9246578,Cadiz Knutsen Knutsen OAS IZAR,138000,Membrane,Conventional,Steam,2004
9390680,"Cape Ann Hoegh, MOL, TLTC Samsung",145000,Membrane,FSRU,DFDE,2010
9742819,Castillo De Caldelas Elcano Imabari,178800,Membrane,Conventional,ME-GI,2018
9742807,Castillo De Merida Elcano Imabari,178800,Membrane,Conventional,ME-GI,2018
9433717,Castillo De Santisteban Elcano STX,173600,Membrane,Conventional,DFDE,2010
9236418,Castillo De Villalba Elcano IZAR,138200,Membrane,Conventional,Steam,2003
9864796,Celsius Canberra Celsius Shipping Samsung,180000,Membrane,Conventional,X-DF,2021
9878723,"Celsius Carolina Celsius Shipping, Basalt Samsung",180000,Membrane,Conventional,X-DF,2021
9878711,Celsius Charlotte Celsius Shipping Samsung,180000,Membrane,Conventional,X-DF,2021
9864784,"Celsius Copenhagen Celsius Shipping, Basalt Samsung",180000,Membrane,Conventional,X-DF,2020
9946829,Celsius Gandhinagar (2579) Celsius Shipping Samsung,180000,Membrane,Conventional,ME-GA,2024
9945435,Celsius Geneva Celsius Shipping Samsung,180000,Membrane,Conventional,ME-GA,2023
9945447,Celsius Giza Celsius Shipping Samsung,180000,Membrane,Conventional,ME-GA,2023
9945459,Celsius Glarus Celsius Shipping Samsung,180000,Membrane,Conventional,ME-GA,2024
9948736,Celsius Granada (2585) Celsius Shipping Samsung,180000,Membrane,Conventional,ME-GA,2024
9948724,Celsius Greenwich (ex-2584) Celsius Shipping Samsung,180000,Membrane,Conventional,ME-GA,2024
9672844,Cesi Beihai China Shipping Group Hudong- Zhonghua,174100,Membrane,Conventional,DFDE,2017
9672820,Cesi Gladstone Chuo Kaiun/Shinwa Chem. Hudong- Zhonghua,174100,Membrane,Conventional,DFDE,2016
9672818,Cesi Lianyungang China Shipping Group Hudong- Zhonghua,174100,Membrane,Conventional,DFDE,2018
9672832,Cesi Qingdao China Shipping Group Hudong- Zhonghua,174100,Membrane,Conventional,DFDE,2017
9694749,Cesi Tianjin China Shipping Group Hudong- Zhonghua,174100,Membrane,Conventional,DFDE,2017
9694751,Cesi Wenzhou China Shipping Group Hudong- Zhonghua,174100,Membrane,Conventional,DFDE,2018
9324344,"Cheikh Bouamama HYPROC, Sonatrach, Itochu, MOL Universal",75500,Membrane,Conventional,Steam,2008
9324332,"Cheikh El Mokrani HYPROC, Sonatrach, Itochu, MOL Universal",75500,Membrane,Conventional,Steam,2007
9737187,Christophe De Margerie Sovcomflot Hanwha Ocean,172000,Membrane,,DFDE,2016
9886732,Clean Cajun Dynagas HD Hyundai,200000,Membrane,Conventional,X-DF,2022
9886744,Clean Copano Dynagas HD Hyundai,200000,Membrane,Conventional,X-DF,2022
9943487,Clean Destiny Dynagas HD Hyundai,200000,Membrane,Conventional,ME-GA,2023
9736092,"Energy Liberty MOL, Tokyo Gas Japan Marine",165000,Prismatic,Conventional,DFDE,2018
9355264,"Energy Navigator MOL, Tokyo Gas Kawasaki",147000,Spherical,Conventional,Steam,2008
9854612,Energy Pacific Alpha Gas Hanwha Ocean,173400,Membrane,Conventional,ME-GI,2020
9274226,Energy Progress MOL Kawasaki,147000,Spherical,Conventional,Steam,2006
9269207,Energy Spirit Jovo Group Chantiers de l'Atlantique,74500,Membrane,Conventional,Steam,2006
9758844,"Energy Universe MOL, Tokyo Gas Japan Marine",165000,Prismatic,Conventional,DFDE,2019
9749609,Enshu Maru K Line Kawasaki,164700,Spherical,Conventional,Steam,2018
9859820,Ertugrul Gazi Turkish Petroleum Corp HD Hyundai,170000,Membrane,FSRU,DFDE,2021
9666560,"Esshu Maru MOL, Tokyo Gas Mitsubishi",153000,Spherical,Conventional,Steam,2014
9236614,Etyfa Prometheas Natural Gas Infrastructure Company of Cyprus Mitsubishi,135000,Spherical,FSRU,Steam,2002
9230050,Excalibur Exmar Hanwha Ocean,138000,Membrane,FSU,Steam,2002
9820843,Excelerate Sequoia Excelerate Energy Hanwha Ocean,173400,Membrane,FSRU,DFDE,2020
9252539,Excellence Excelerate Energy Hanwha Ocean,138000,Membrane,FSRU,Steam,2005
9239616,Excelsior Excelerate Energy Hanwha Ocean,138000,Membrane,FSRU,Steam,2005
9444649,Exemplar Excelerate Energy Hanwha Ocean,150900,Membrane,FSRU,Steam,2010
9389643,Expedient Excelerate Energy Hanwha Ocean,150900,Membrane,FSRU,Steam,2010
9638525,Experience Excelerate Energy Hanwha Ocean,173400,Membrane,FSRU,DFDE,2014
9361079,Explorer Excelerate Energy Hanwha Ocean,150900,Membrane,FSRU,Steam,2008
9361445,Express Excelerate Energy Hanwha Ocean,150900,Membrane,FSRU,Steam,2009
9381134,"Exquisite Excelerate Energy, Nakilat Hanwha Ocean",150900,Membrane,FSRU,Steam,2009
9918157,Extremadura Knutsen Knutsen OAS HD Hyundai,174000,Membrane,Conventional,X-DF,2023
9768370,Fedor Litke LITKE Hanwha Ocean,172000,Membrane,,DFDE,2017
9918145,Ferrol Knutsen Knutsen OAS HD Hyundai,174000,Membrane,Conventional,X-DF,2023
9857377,Flex Amber Flex LNG HD Hyundai,174000,Membrane,Conventional,X-DF,2020
9851634,Flex Artemis Flex LNG Hanwha Ocean,173400,Membrane,Conventional,ME-GI,2020
9857365,Flex Aurora Flex LNG HD Hyundai,174000,Membrane,Conventional,X-DF,2020
9825427,Flex Constellation Flex LNG Hanwha Ocean,173400,Membrane,Conventional,ME-GI,2019
9825439,Flex Courageous Flex LNG Hanwha Ocean,173400,Spherical,Conventional,ME-GI,2019
9762261,Flex Endeavour Flex LNG Hanwha Ocean,173400,Membrane,Conventional,ME-GI,2018
9762273,Flex Enterprise Flex LNG Hanwha Ocean,173400,Membrane,Conventional,ME-GI,2018
9862308,Flex Freedom Flex LNG Hanwha Ocean,173400,Membrane,Conventional,ME-GI,2021
9709037,Flex Rainbow Flex LNG Samsung,174000,Membrane,Conventional,ME-GI,2018
9709025,Flex Ranger Flex LNG Samsung,174000,Membrane,Conventional,ME-GI,2018
9851646,Flex Resolute Flex LNG Hanwha Ocean,173400,Membrane,Conventional,ME-GI,2020
9862475,Flex Vigilant Flex LNG HD Hyundai,174000,Membrane,Conventional,X-DF,2021
9862463,Flex Volunteer Flex LNG HD Hyundai,174000,Membrane,Conventional,X-DF,2021
9360817,"Fraiha NYK Line, K Line, MOL, lino, Mitsui, Nakilat Hanwha Ocean",210100,Membrane,Q-Flex,SSD,2008
9253284,,137100,Spherical,FSRU,Steam,2004
9863182,Dorado LNG TMS Cardiff Gas Samsung,174000,Membrane,Conventional,X-DF,2020
9337975,"Duhail Commerz Real, Nakilat, PRONAV Hanwha Ocean",210200,Membrane,Q-Flex,SSD,2008
9265500,Dukhan J4 Consortium Mitsui,137500,Spherical,Conventional,Steam,2004
9216298,East Energy Nur Global Shipping HD Hyundai,137000,Spherical,Conventional,Steam,2002
9750696,Eduard Toll Seapeak Hanwha Ocean,172000,Membrane,,DFDE,2017
9334076,"Ejnan K Line, MOL, NYK Line, Mitsui, Nakilat Samsung",145000,Membrane,Conventional,Steam,1990
9884473,Elisa Aquila NYK Line HD Hyundai,174000,Membrane,Conventional,X-DF,2022
9980540,Elisa Ardea NYK Line HD Hyundai,174000,Membrane,Conventional,X-DF,2024
9852975,Elisa Larus GazOcean HD Hyundai,174000,Membrane,Conventional,X-DF,2020
9958640,Emei Cosco Shipping Energy Transportation Hudong- Zhonghua,174000,Membrane,Conventional,X-DF,2023
9626027,Energos Celsius Energos Samsung,160000,Membrane,FSRU,DFDE,2013
9624940,Energos Eskimo Energos Samsung,160000,Membrane,FSRU,DFDE,2014
9861811,Energos Force Energos Hudong- Zhonghua,174000,Membrane,FSRU,DFDE,2021
9303560,Energos Grand Energos Hanwha Ocean,145000,Membrane,Conventional,Steam,2005
9633991,Energos Igloo Energos Samsung,170000,Membrane,FSRU,DFDE,2014
9320374,Energos Maria Energos Hanwha Ocean,145000,Membrane,Conventional,Steam,2006
9785500,Energos Nanook Energos Samsung,170000,Membrane,FSRU,DFDE,2018
9624938,Energos Penguin Energos Samsung,160000,Membrane,Conventional,DFDE,2014
9861809,Energos Power Energos Hudong- Zhonghua,174000,Membrane,FSRU,DFDE,2021
9253715,Energos Princess Energos Hanwha Ocean,138000,Membrane,Conventional,Steam,2003
9256614,Energos Winter Energos Hanwha Ocean,138000,Membrane,FSRU,Steam,2004
9269180,Energy Advance Tokyo Gas Kawasaki,147000,Spherical,Conventional,Steam,2005
9649328,Energy Atlantic Alpha Gas STX,159700,Membrane,Conventional,DFDE,2015
9405588,"Energy Confidence NYK Line, Tokyo Gas Kawasaki",155000,Spherical,Conventional,Steam,2009
9854624,Energy Endeavour Alpha Gas Hanwha Ocean,173400,Membrane,Conventional,ME-GI,2021
9948695,Energy Endurance Alpha Gas HD Hyundai,174000,Membrane,Conventional,X-DF,2024
9540089,Energy Fidelity (ex-Jules Verne) Alpha Gas HD Hyundai,174000,Membrane,Conventional,X-DF,2023
9948700,Energy Fortitude (ex-Victor Hugo (8107) Alpha Gas HD Hyundai,174000,Membrane,Conventional,X-DF,2024
9245720,Energy Frontier Tokyo Gas Kawasaki,147000,Spherical,Conventional,Steam,2003
9752565,"Energy Glory NYK Line, Tokyo Gas Japan Marine",165000,Prismatic,Conventional,DFDE,2019
9483877,"Energy Horizon NYK Line, TLTC Kawasaki",177000,Spherical,Conventional,Steam,2011
9758832,"Energy Innovator MOL, Tokyo Gas Japan Marine",165000,Prismatic,Conventional,DFDE,2019
9859739,Energy Integrity Alpha Gas Hanwha Ocean,173400,Membrane,Conventional,ME-GI,2021
9881201,Energy Intelligence Alpha Gas Hanwha Ocean,173400,Membrane,Conventional,ME-GI,2021
9946374,Gordonwaters Knutsen Knutsen OAS HD Hyundai,174000,Membrane,Conventional,X-DF,2023
9315707,Grace Acacia NYK Line HD Hyundai,150000,Membrane,Conventional,Steam,2007
9315719,Grace Barleria NYK Line HD Hyundai,150000,Membrane,Conventional,Steam,2007
9323675,Grace Cosmos Sino Commerce Offshore HD Hyundai,150000,Membrane,Conventional,Steam,2008
9540716,Grace Dahlia NYK Line Kawasaki,177400,Spherical,Conventional,Steam,2013
9884174,Grace Emelia NYK Line HD Hyundai,174000,Membrane,Conventional,X-DF,2021
9903920,Grace Freesia NYK Line HD Hyundai,174000,Membrane,Conventional,X-DF,2022
9338955,"Grand Aniva NYK Line, Sovcomflot Mitsubishi",147000,Spherical,Conventional,Steam,2008
9332054,"Grand Elena NYK Line, Sovcomflot Mitsubishi",147000,Spherical,Conventional,Steam,2007
9338929,"Grand Mereya MOL, K Line, Primorsk Mitsui",147600,Spherical,Conventional,Steam,2008
9922988,Grazyna Gesicka Knutsen OAS HD Hyundai,174000,Membrane,Conventional,X-DF,2023
9961477,Greenergy Ocean (1880A) MOL Hudong- Zhonghua,174000,Membrane,Conventional,X-DF,2024
9961489,Greenergy Pearl (ex-Hudong- Zhonghua H1881A) MOL Hudong- Zhonghua,174000,Membrane,Conventional,X-DF,2024
9878888,Gui Ying CSSC Shpg Leasing Hudong- Zhonghua,174000,Membrane,Conventional,X-DF,2021
9696266,Hai Yang Shi You 301 CNOOC Jiangnan,30000,Membrane,,DFDE,2015
9872999,Hellas Athina Latsco (London) HD Hyundai,174000,Membrane,Conventional,X-DF,2021
9872987,Hellas Diana Latsco (London) HD Hyundai,174000,Membrane,Conventional,X-DF,2021
9155078,HL Muscat H-Line Shipping Hanjin H.I.,138000,Membrane,Conventional,Steam,1999
9176008,HL Ras Laffan H-Line Shipping Hanjin H.I.,138000,Membrane,Conventional,Steam,2000
9176010,HL Sur H-Line Shipping Hanjin H.I.,138300,Membrane,Conventional,Steam,2000
9953262,Hlaitan (ex-H1792A) MOL Hudong- Zhonghua,174000,Membrane,Conventional,X-DF,2024
9941013,HLS Bilbao Hyundai LNG Shipping Hanwha Ocean,174000,Membrane,Conventional,ME-GI,2024
9947691,HLS Cartagena (2522) Hyundai LNG Shipping Hanwha Ocean,174000,Membrane,Conventional,ME-GI,2024
9780354,Hoegh Esperanza Hoegh HD Hyundai,170000,Membrane,FSRU,DFDE,2018
9653678,Hoegh Gallant Hoegh HD Hyundai,170100,Membrane,FSRU,DFDE,2014
9820013,Hoegh Galleon Hoegh Samsung,170000,Membrane,FSRU,DFDE,2019
9624914,Hoegh Gandria Hoegh Samsung,160000,Membrane,Conventional,DFDE,2013
9822451,Hoegh Gannet Hoegh HD Hyundai,170000,Membrane,FSRU,DFDE,2018
9762962,Hoegh Giant Hoegh HD Hyundai,170000,Membrane,FSRU,DFDE,2017
9674907,Hoegh Grace Hoegh HD Hyundai,170000,Membrane,FSRU,DFDE,2016
9250725,Hongkong Energy Sinokor Merchant Marine Hanwha Ocean,140500,Membrane,Conventional,Steam,2004
9958652,Huashan (1835A) United Liquefied Gas Hudong- Zhonghua,174000,Membrane,Conventional,X-DF,2024
9904209,Huelva Knutsen Knutsen OAS HD Hyundai,174000,Membrane,Conventional,X-DF,2022
9179581,Hyundai Aquapia Hyundai LNG Shipping HD Hyundai,135000,Spherical,Conventional,Steam,2000
9155157,Hyundai Cosmopia Hyundai LNG Shipping HD Hyundai,135000,Spherical,Conventional,Steam,2000
9372999,Hyundai Ecopia Hyundai LNG Shipping HD Hyundai,150000,Membrane,Conventional,Steam,2008
9183269,Hyundai Oceanpia Hyundai LNG Shipping HD Hyundai,135000,Spherical,Conventional,Steam,2000
9256200,Fuwairit MOL Samsung,138300,Membrane,Conventional,Steam,2004
9877145,Gail Bhuwan MOL Hanwha Ocean,176500,Membrane,Conventional,X-DF,2021
9949027,Gail Urja MOL Hanwha Ocean,174000,Membrane,Conventional,X-DF,2024
9864928,Gaslog Galveston GasLog Samsung,174000,Membrane,Conventional,X-DF,2021
9707508,Gaslog Geneva GasLog Samsung,174000,Membrane,Conventional,DFDE,2016
9744013,Gaslog Genoa GasLog Samsung,174000,Membrane,Conventional,X-DF,2018
9864916,Gaslog Georgetown GasLog Samsung,174000,Membrane,Conventional,X-DF,2020
9707510,Gaslog Gibraltar GasLog Samsung,174000,Membrane,Conventional,DFDE,2016
9744025,Gaslog Gladstone GasLog Samsung,174000,Membrane,Conventional,X-DF,2019
9687021,Gaslog Glasgow GasLog Samsung,174000,Membrane,Conventional,DFDE,2016
9687019,Gaslog Greece GasLog Samsung,174000,Membrane,Conventional,DFDE,2016
9748904,Gaslog Hongkong GasLog HD Hyundai,174000,Membrane,Conventional,X-DF,2018
9748899,Gaslog Houston GasLog HD Hyundai,174000,Membrane,Conventional,X-DF,2018
9962407,Gaslog Italy (2532) Gaslog Hanwha Ocean,174000,Membrane,Conventional,ME-GI,2024
9638915,Gaslog Salem CDB Leasing Samsung,155000,Membrane,Conventional,DFDE,2015
9600530,Gaslog Santiago GasLog Samsung,155000,Membrane,Conventional,DFDE,2013
9638903,Gaslog Saratoga CDB Leasing Samsung,155000,Membrane,Conventional,DFDE,2014
9352860,Gaslog Savannah GasLog Samsung,155000,Membrane,Conventional,DFDE,2010
9634086,Gaslog Seattle GasLog Samsung,155000,Membrane,Conventional,DFDE,2013
9600528,Gaslog Shanghai CDB Leasing Samsung,155000,Membrane,Conventional,DFDE,2013
9355604,Gaslog Singapore GasLog Samsung,155000,Membrane,FSU,DFDE,2010
9626285,Gaslog Skagen CDB Leasing Samsung,155000,Membrane,Conventional,DFDE,2013
9626273,Gaslog Sydney CDB Leasing Samsung,155000,Membrane,Conventional,DFDE,2013
9853137,Gaslog Wales GasLog Samsung,180000,Membrane,Conventional,X-DF,2020
9816763,Gaslog Warsaw GasLog Samsung,180000,Membrane,Conventional,X-DF,2019
9876660,Gaslog Wellington GasLog Samsung,180000,Membrane,Conventional,X-DF,2021
9855812,Gaslog Westminster GasLog Samsung,180000,Membrane,Conventional,X-DF,2020
9876737,Gaslog Winchester GasLog Samsung,180000,Membrane,Conventional,X-DF,2021
9819650,Gaslog Windsor GasLog Samsung,180000,Membrane,Conventional,X-DF,2020
9768382,Georgiy Brusilov Dynagas Hanwha Ocean,172600,Membrane,,DFDE,2018
9750749,"Georgiy Ushakov Seapeak, China LNG Shipping Hanwha Ocean",172000,Membrane,,DFDE,2019
9038452,Ghasha National Gas Shipping Co Mitsui,135000,Spherical,Conventional,Steam,1995
9360922,"Gigira Laitebo MOL, Itochu HD Hyundai",155000,Membrane,Conventional,DFDE,2010
9845013,Global Energy Maran Gas Maritime Hanwha Ocean,173400,Membrane,Conventional,ME-GI,2020
9880465,Global Sea Spirit Maran Gas Maritime Hanwha Ocean,174000,Membrane,Conventional,X-DF,2021
9880477,Global Sealine Maran Gas Maritime Hanwha Ocean,174000,Membrane,Conventional,X-DF,2022
9859741,"Global Star Maran Gas Maritime, Nakilat Hanwha Ocean",173400,Membrane,Conventional,ME-GI,2021
9253105,Golar Arctic Golar Hanwha Ocean,140000,Membrane,Conventional,Steam,2003
9655808,Golar Tundra Snam Samsung,170000,Membrane,FSRU,DFDE,2015
9321756,Golden Isaia (ex-Methane Shirley Elizabeth) Sillo Maritime Samsung,145000,Membrane,Conventional,Steam,2007
9626039,Kool Husky CoolCo Samsung,160000,Membrane,Conventional,DFDE,2014
9637325,Kool Ice CoolCo Samsung,160000,Membrane,Conventional,DFDE,2015
9654701,Kool Kelvin CoolCo HD Hyundai,162000,Membrane,Conventional,DFDE,2015
9870525,Kool Orca CoolCo HD Hyundai,174000,Membrane,Conventional,X-DF,2021
9976135,Kool Tiger (HSHI-8196) CoolCo HD Hyundai,174000,Membrane,Conventional,ME-GA,2024
9613161,"Kumul MOL, China LNG Hudong- Zhonghua",172000,Membrane,Conventional,SSD,2016
9915911,Kunlun COSCO Hudong- Zhonghua,174000,Membrane,Conventional,X-DF,2023
9721724,La Mancha Knutsen Knutsen OAS HD Hyundai,176000,Membrane,Conventional,ME-GI,2016
9845764,La Seine TMS Cardiff Gas HD Hyundai,174000,Membrane,Conventional,X-DF,2020
9165011,Lady Eva PT Mitrausaha Tanker Persada Mitsubishi Heavy Industries,135225,Spherical,Conventional,Steam,2000
9905980,Lagenda Serenity K Line Hudong- Zhonghua,80000,Membrane,,X-DF,2022
9952816,Lagenda Setia K Line Hudong- Zhonghua,174000,Membrane,Conventional,X-DF,2023
9905978,Lagenda Suria K Line Hudong- Zhonghua,80000,Membrane,,X-DF,2022
9275347,Lalla Fatma N'soumer HYPROC Kawasaki,147300,Spherical,Conventional,Steam,2004
9922976,Lech Kaczynski Knutsen OAS HD Hyundai,174000,Membrane,Conventional,X-DF,2023
9629598,Lena River Dynagas HD Hyundai,155000,Membrane,Conventional,DFDE,2013
9388819,Lijmiliya Nakilat Hanwha Ocean,263300,Membrane,Q-Max,SSD,2009
9690171,LNG Abalamabie BGT LTD Samsung,175000,Membrane,Conventional,DFDE,2016
9690169,LNG Abuja II BGT LTD Samsung,175000,Membrane,Conventional,DFDE,2016
9262211,LNG Adamawa BGT LTD HD Hyundai,141000,Spherical,Conventional,Steam,2005
9870159,LNG Adventure France LNG Shipping Samsung,174000,Membrane,Conventional,X-DF,2021
9262209,LNG Akwa Ibom BGT LTD HD Hyundai,141000,Spherical,Conventional,Steam,2004
9320075,LNG Alliance GazOcean Chantiers de l'Atlantique,154500,Membrane,Conventional,DFDE,2007
9341299,"LNG Barka Asyad Shipping, Osaka Gas, NYK Line, K Line Kawasaki",153600,Spherical,Conventional,Steam,2008
9241267,LNG Bayelsa BGT LTD HD Hyundai,137000,Spherical,Conventional,Steam,2003
9267015,LNG Benue BW Hanwha Ocean,145700,Membrane,Conventional,Steam,2006
9692002,LNG Bonny II BGT LTD HD Hyundai,177000,Membrane,Conventional,DFDE,2015
9322803,LNG Borno NYK Line Samsung,149600,Membrane,Conventional,Steam,2007
9256767,LNG Croatia LNG Hrvatska HD Hyundai,138000,Membrane,FSRU,Steam,2005
9262223,LNG Cross River BGT LTD HD Hyundai,141000,Spherical,Conventional,Steam,2005
9277620,LNG Dream NYK Line Kawasaki,145300,Spherical,Conventional,Steam,2006
9834296,"LNG Dubhe MOL, COSCO Hudong- Zhonghua",174000,Membrane,Conventional,X-DF,2019
9329291,"LNG Ebisu MOL, KEPCO Kawasaki",147500,Spherical,Conventional,Steam,2008
9893606,LNG Endeavour NYK Line Samsung,174000,Membrane,Conventional,X-DF,2021
9874492,LNG Endurance NYK Line Samsung,174000,Membrane,Conventional,X-DF,2021
9874480,LNG Enterprise NYK Line Samsung,174000,Membrane,Conventional,X-DF,2021
9266994,LNG Enugu BW Hanwha Ocean,145000,Membrane,Conventional,Steam,2005
9690145,LNG Finima II BGT LTD Samsung,175000,Membrane,Conventional,DFDE,2015
9761853,Hyundai Peacepia Hyundai LNG Shipping Hanwha Ocean,174000,Membrane,Conventional,ME-GI,2017
9761841,Hyundai Princepia Hyundai LNG Shipping Hanwha Ocean,174000,Membrane,Conventional,ME-GI,2017
9155145,Hyundai Technopia Hyundai LNG Shipping HD Hyundai,135000,Spherical,Conventional,Steam,1999
9018555,Hyundai Utopia Hyundai LNG Shipping HD Hyundai,125200,Spherical,Conventional,Steam,1994
9326603,Iberica Knutsen Knutsen OAS Hanwha Ocean,138000,Membrane,Conventional,Steam,2006
9326689,"Ibra LNG Asyad Shipping, MOL Samsung",147600,Membrane,Conventional,Steam,2006
9317315,"Ibri LNG Asyad Shipping, MOL, Mitsubishi Mitsubishi",147600,Spherical,Conventional,Steam,2006
9977220,Id'Asah (2596) JP Morgan Samsung,174000,Membrane,Conventional,ME-GA,2024
9946398,Ignacy Lukasiewicz Knutsen OAS HD Hyundai,174000,Membrane,Conventional,X-DF,2024
9629536,Independence Klaipedos Nafta HD Hyundai,170100,Membrane,FSRU,DFDE,2014
9874820,Isabella Maran Gas Maritime Hanwha Ocean,173400,Membrane,Conventional,X-DF,2021
9035864,Ish National Gas Shipping Co Mitsubishi,137300,Spherical,FSU,Steam,1995
9854935,Jawa Satu Jawa Satu Regas Samsung,170000,Membrane,FSRU,DFDE,2021
9901350,John A Angelicoussis Maran Gas Maritime Hanwha Ocean,174000,Membrane,Conventional,ME-GI,2022
9157636,K. Acacia Korea Line Hanwha Ocean,138000,Membrane,Conventional,Steam,2000
9186584,K. Freesia Korea Line Hanwha Ocean,138000,Membrane,Conventional,Steam,2000
9373008,K. Jasmine Korea Line Hanwha Ocean,145700,Membrane,Conventional,Steam,2008
9373010,K. Mugungwha Korea Line Hanwha Ocean,151700,Membrane,Conventional,Steam,2008
9306495,Karadeniz LNGT Powership Anatolia Karpowership Chantiers de l'Atlantique,154472,Membrane,Conventional,DFDE,2006
9043677,"Karmol LNGT Powership Africa Karpowership, MOL Mitsubishi",127386,Spherical,FSRU,Steam,1991
9020766,"Karmol LNGT Powership Europe (ex-LNG Vesta) Karpowership, MOL Mitsubishi",128000,Spherical,FSRU,Steam,1994
9785158,Kinisis Chandris Group Hanwha Ocean,173400,Membrane,Conventional,ME-GI,2018
9636723,Kita LNG TMS Cardiff Gas Hanwha Ocean,160100,Membrane,Conventional,DFDE,2014
9064073,KLNGTP Black Sea MISC Sestri,65000,Membrane,Conventional,Steam,1996
9064085,KLNGTP Marmara MISC Sestri,65000,Membrane,Conventional,Steam,1998
9333620,Kmarin Diamond BP HD Hyundai,155000,Membrane,Conventional,DFDE,2008
9958664,Kongtong (ex-Hudong- Zhonghua H1836A) United Liquefied Gas Hudong- Zhonghua,174000,Membrane,Conventional,X-DF,2024
9654878,Kool Baltic CoolCo STX,170200,Membrane,Conventional,DFDE,2015
9635315,Kool Blizzard CoolCo Samsung,160000,Membrane,Conventional,DFDE,2015
9654880,Kool Boreas CoolCo STX,170200,Membrane,Conventional,DFDE,2015
9624926,Kool Crystal CoolCo Samsung,160000,Membrane,Conventional,DFDE,2014
9864746,Kool Firn CoolCo HD Hyundai,174000,Membrane,Conventional,X-DF,2020
9655042,Kool Frost CoolCo Samsung,160000,Membrane,Conventional,DFDE,2014
9654696,Kool Glacier CoolCo HD Hyundai,162000,Membrane,Conventional,DFDE,2014
9770921,Magdala Seapeak Hanwha Ocean,173000,Membrane,Conventional,ME-GI,2018
9904182,Malaga Knutsen Knutsen OAS HD Hyundai,174000,Membrane,Conventional,X-DF,2022
9490959,"Malanje Mitsui, NYK Line, Seapeak Samsung",160400,Membrane,Conventional,DFDE,2011
9682588,Maran Gas Achilles Maran Gas Maritime HD Hyundai,174000,Membrane,Conventional,DFDE,2015
9682590,Maran Gas Agamemnon Maran Gas Maritime HD Hyundai,174000,Membrane,Conventional,ME-GI,2016
9650054,Maran Gas Alexandria Maran Gas Maritime HD Hyundai,161900,Membrane,Conventional,DFDE,2015
9887217,Maran Gas Amorgos Maran Gas Maritime Hanwha Ocean,174000,Membrane,Conventional,X-DF,2021
9701217,Maran Gas Amphipolis Maran Gas Maritime Hanwha Ocean,173400,Membrane,Conventional,DFDE,2016
9810379,Maran Gas Andros Maran Gas Maritime Hanwha Ocean,173400,Membrane,Conventional,ME-GI,2019
9941520,Maran Gas Antibes (2474) Maran Gas Maritime Samsung,174000,Membrane,Conventional,X-DF,2024
9633422,Maran Gas Apollonia Maran Gas Maritime HD Hyundai,161900,Membrane,Conventional,DFDE,2014
9302499,"Maran Gas Asclepius Maran Gas Maritime, Nakilat Hanwha Ocean",145800,Membrane,Conventional,Steam,2005
9753014,Maran Gas Chios Maran Gas Maritime Hanwha Ocean,173400,Membrane,Conventional,ME-GI,2019
9331048,"Maran Gas Coronis Maran Gas Maritime, Nakilat Hanwha Ocean",145700,Membrane,Conventional,Steam,2007
9633173,Maran Gas Delphi Maran Gas Maritime Hanwha Ocean,159800,Membrane,Conventional,DFDE,2014
9627497,Maran Gas Efessos Maran Gas Maritime Hanwha Ocean,159800,Membrane,Conventional,DFDE,2014
9682605,Maran Gas Hector Maran Gas Maritime HD Hyundai,174000,Membrane,Conventional,DFDE,2016
9767962,Maran Gas Hydra Maran Gas Maritime Hanwha Ocean,173400,Membrane,Conventional,ME-GI,2019
9892717,Maran Gas Ithaca Maran Gas Maritime Hanwha Ocean,174000,Membrane,Conventional,X-DF,2021
9883742,Maran Gas Kalymnos Maran Gas Maritime Hanwha Ocean,174000,Membrane,Conventional,X-DF,2021
9956408,Maran Gas Kastelorizo Maran Gas Maritime Hanwha Ocean,174000,Membrane,Conventional,ME-GI,2024
9956393,Maran Gas Kimolos Maran Gas Maritime Hanwha Ocean,174000,Membrane,Conventional,ME-GI,2024
9682576,Maran Gas Leto Maran Gas Maritime HD Hyundai,174000,Membrane,Conventional,DFDE,2016
9627502,Maran Gas Lindos Maran Gas Maritime Hanwha Ocean,159800,Membrane,Conventional,DFDE,2015
9924869,Maran Gas Marseille Maran Gas Maritime Samsung,174000,Membrane,Conventional,X-DF,2023
9658238,Maran Gas Mystras Maran Gas Maritime Hanwha Ocean,159800,Membrane,Conventional,DFDE,2015
9941518,Maran Gas Nice (2473) Maran Gas Maritime Samsung,174000,Membrane,Conventional,X-DF,2024
9732371,Maran Gas Olympias Maran Gas Maritime Hanwha Ocean,173400,Membrane,Conventional,DFDE,2017
9709489,Maran Gas Pericles Maran Gas Maritime HD Hyundai,174000,Membrane,Conventional,DFDE,2016
9633434,Maran Gas Posidonia Maran Gas Maritime HD Hyundai,161900,Membrane,Conventional,DFDE,2014
9844863,Maran Gas Psara Maran Gas Maritime Hanwha Ocean,173400,Membrane,Conventional,ME-GI,2020
9666986,"LNG Fukurokuju MOL, KEPCO Kawasaki",165100,Spherical,Conventional,Steam,2016
9892133,LNG Geneva CSSC Shpg Leasing Hudong- Zhonghua,174000,Membrane,Conventional,X-DF,2024
9917555,LNG Harmony JP Morgan HD Hyundai,174000,Membrane,Conventional,X-DF,2023
9311581,LNG Imo BW Hanwha Ocean,148500,Membrane,Conventional,Steam,2008
9200316,"LNG Jamal NYK Line, Osaka Gas Mitsubishi",137000,Spherical,Conventional,Steam,2000
9769855,LNG Jia Xing Landmark Capital Xiamen Shipbuilding Industry,45000,Prismatic,,DFDE,2019
9774628,LNG Juno MOL Mitsubishi,177300,Spherical,Conventional,,2018
9341689,"LNG Jupiter NYK Line, Osaka Gas Kawasaki",156000,Spherical,Conventional,Steam,2009
9666998,"LNG Jurojin MOL, KEPCO Mitsubishi",155300,Spherical,Conventional,Steam,2015
9311567,LNG Kano BW Hanwha Ocean,148300,Membrane,Conventional,Steam,2007
9372963,LNG Kolt Pan Ocean Hanjin H.I.,153000,Membrane,Conventional,Steam,2008
9692014,LNG Lagos II BGT LTD HD Hyundai,177000,Membrane,Conventional,DFDE,2016
9269960,LNG Lokoja BW Hanwha Ocean,148300,Membrane,Conventional,Steam,1989
9645748,"LNG Mars MOL, Osaka Gas Mitsubishi",155000,Spherical,Conventional,Steam,2016
9834325,"LNG Megrez MOL, COSCO Hudong- Zhonghua",174000,Membrane,Conventional,X-DF,2020
9834301,"LNG Merak MOL, COSCO Hudong- Zhonghua",174000,Membrane,Conventional,X-DF,2020
9322815,LNG Ogun NYK Line Samsung,149600,Membrane,Conventional,Steam,2007
9311579,LNG Ondo BW Hanwha Ocean,148300,Membrane,Conventional,Steam,2007
9267003,LNG Oyo BW Hanwha Ocean,145800,Membrane,Conventional,Steam,2005
9834313,"LNG Phecda MOL, COSCO Hudong- Zhonghua",174000,Membrane,Conventional,X-DF,2020
9690157,LNG Port- Harcourt II BGT LTD Samsung,175000,Membrane,Conventional,DFDE,2015
9902938,LNG Prosperity JP Morgan HD Hyundai,174000,Membrane,Conventional,X-DF,2023
9262235,LNG River Niger BGT LTD HD Hyundai,141000,Spherical,Conventional,Steam,2006
9266982,LNG River Orashi BW Hanwha Ocean,145900,Membrane,Conventional,Steam,2004
9877133,LNG Rosenrot MOL Hanwha Ocean,174000,Membrane,Conventional,X-DF,2021
9774135,"LNG Sakura NYK Line, KEPCO Kawasaki",177000,Spherical,Conventional,DFDE,2018
9696149,LNG Saturn MOL Mitsubishi,155700,Spherical,Conventional,Steam,2016
9771913,LNG Schneewei- sschen MOL Hanwha Ocean,180000,Membrane,Conventional,X-DF,2018
9216303,LNG Sokoto BGT LTD HD Hyundai,137000,Spherical,Conventional,Steam,2002
9645736,"LNG Venus MOL, Osaka Gas Mitsubishi",155000,Spherical,Conventional,Steam,2014
9872949,LNGships Athena TMS Cardiff Gas HD Hyundai,174000,Membrane,Conventional,X-DF,2021
9875800,LNGships Empress TMS Cardiff Gas Samsung,174000,Membrane,Conventional,X-DF,2021
9872901,LNGships Manhatten TMS Cardiff Gas HD Hyundai,174000,Membrane,Conventional,X-DF,2021
9045132,LNGT Americas Karpowership Mitsubishi,126800,Spherical,Conventional,Steam,1994
9490961,"Lobito Mitsui, NYK Line, Seapeak Samsung",160400,Membrane,Conventional,DFDE,2011
9285952,"Lusail K Line, MOL, NYK Line, Nakilat Samsung",145700,Membrane,Conventional,Steam,2005
9705653,Macoma Seapeak Hanwha Ocean,173000,Membrane,Conventional,ME-GI,2017
9305128,Min Lu China LNG Ship Mgmt Hudong- Zhonghua,147200,Membrane,Conventional,Steam,2009
9305116,Min Rong China LNG Ship Mgmt Hudong- Zhonghua,147600,Membrane,Conventional,Steam,2009
9885855,Minerva Amorgos Minerva Marine Samsung,174000,Membrane,Conventional,X-DF,2022
9877341,Minerva Chios Minerva Marine Samsung,174000,Membrane,Conventional,X-DF,2021
9869942,Minerva Kalymnos Minerva Marine Samsung,174000,Membrane,Conventional,X-DF,2021
9854375,Minerva Limnos Minerva Marine Hanwha Ocean,173400,Membrane,Conventional,ME-GI,2021
9854363,Minerva Psara Minerva Marine Hanwha Ocean,173400,Membrane,Conventional,ME-GI,2021
9885996,MOL Hestia MOL Hanwha Ocean,173400,Membrane,Conventional,X-DF,2021
9337755,Mozah Nakilat Samsung,266300,Membrane,Q-Max,SSD,2008
9074638,Mraweh National Gas Shipping Co Kvaerner Masa,135000,Spherical,Conventional,Steam,1996
9878876,Mu Lan CSSC Shpg Leasing Hudong- Zhonghua,178000,Membrane,Conventional,X-DF,2021
9074626,Mubaraz National Gas Shipping Co Kvaerner Masa,135000,Spherical,Conventional,Steam,1996
9864837,Mulan Spirit Nur Global Shipping Jiangnan,79800,Membrane,,X-DF,2023
9705641,Murex Seapeak Hanwha Ocean,173000,Membrane,Conventional,ME-GI,2017
9360805,"Murwab NYK Line, K Line, MOL, lino, Mitsui, Nakilat Hanwha Ocean",210100,Membrane,Q-Flex,SSD,2008
9770933,Myrina Seapeak Hanwha Ocean,173000,Membrane,Conventional,ME-GI,2018
9926714,Nantes Knutsen (Hull 8100) Knutsen OAS HD Hyundai,174000,Membrane,Conventional,X-DF,2024
9324277,Neo Energy Nur Global Shipping HD Hyundai,150000,Spherical,Conventional,Steam,2007
9385673,"Neptune Hoegh, MOL, TLTC Samsung",145000,Membrane,FSRU,DFDE,2009
9929106,New Apex Pan Ocean Samsung,174000,Membrane,Conventional,X-DF,2023
9926908,New Brave (ex-3221) Pan Ocean HD Hyundai,174000,Membrane,Conventional,ME-GA,2024
9947500,New Green ST (ex-3224) Pan Ocean HD Hyundai,174000,Membrane,Conventional,X-DF,2024
9926910,New Nature (ex-3222) Pan Ocean HD Hyundai,174000,Membrane,Conventional,ME-GA,2024
9750660,"Nikolay Urvantsev MOL, COSCO Hanwha Ocean",172000,Membrane,,DFDE,2019
9750725,"Nikolay Yevgenov Seapeak, China LNG Shipping Hanwha Ocean",172000,Membrane,,DFDE,2019
9768526,Nikolay Zubov Dynagas Hanwha Ocean,172000,Membrane,,DFDE,2019
9294264,"Nizwa LNG Asyad Shipping, MOL Kawasaki",147700,Spherical,Conventional,Steam,2005
9796781,"Nohshu Maru MOL, JERA Mitsubishi",177300,Spherical,Conventional,,2019
9953509,North Air White Fox Ship Management Samsung,174000,Membrane,Conventional,X-DF,2023
9958298,North Light (Hull 2523) MOL Hanwha Ocean,174000,Membrane,Conventional,ME-GA,2024
9958303,North Moon (Hull 2524) MOL Hanwha Ocean,174000,Membrane,Conventional,ME-GA,2024
9953511,North Mountain White Fox Ship Management Samsung,174000,Membrane,Conventional,X-DF,2024
9958315,North Ocean MOL Hanwha Ocean,174000,Membrane,Conventional,ME-GA,2024
9953523,North Star White Fox Ship Management Samsung,174000,Membrane,Conventional,X-DF,2024
9953535,North Way (Hull 2583) White Fox Ship Management Samsung,174000,Membrane,Conventional,X-DF,2024
9701229,Maran Gas Roxana Maran Gas Maritime Hanwha Ocean,173400,Membrane,Conventional,DFDE,2017
9650042,Maran Gas Sparta Maran Gas Maritime HD Hyundai,161900,Membrane,Conventional,DFDE,2015
9767950,"Maran Gas Spetses Maran Gas Maritime, Nakilat Hanwha Ocean",173400,Membrane,Conventional,ME-GI,2018
9658240,Maran Gas Troy Maran Gas Maritime Hanwha Ocean,159800,Membrane,Conventional,DFDE,2015
9709491,Maran Gas Ulysses Maran Gas Maritime HD Hyundai,174000,Membrane,Conventional,DFDE,2017
9732369,Maran Gas Vergina Maran Gas Maritime Hanwha Ocean,173400,Membrane,Conventional,DFDE,2016
9659725,Maria Energy Tsakos HD Hyundai,174000,Membrane,Conventional,DFDE,2016
9778313,Marshal Vasilevskiy Gazprom HD Hyundai,174000,Membrane,FSRU,DFDE,2018
9770438,Marvel Crane NYK Line Mitsubishi,177000,Spherical,Conventional,,2019
9964182,Marvel Dove (Hull 8173) SK Shipping HD Hyundai,174000,Membrane,Conventional,X-DF,2024
9759240,Marvel Eagle MOL Kawasaki,155000,Spherical,Conventional,DFDE,2018
9760768,Marvel Falcon MOL Samsung,174000,Membrane,Conventional,X-DF,2018
9760770,Marvel Hawk MOL Samsung,174000,Membrane,Conventional,X-DF,2018
9770440,Marvel Heron MOL Mitsubishi,177000,Spherical,Conventional,,2019
9760782,Marvel Kite Meiji Shipping Samsung,174000,Membrane,Conventional,X-DF,2019
9759252,Marvel Pelican MOL Kawasaki,155985,Spherical,Conventional,DFDE,2019
9962419,Marvel Phoenix Gaslog Hanwha Ocean,174000,Membrane,Conventional,ME-GI,2024
9963449,Marvel Swallow (2536) MOL Hanwha Ocean,174000,Membrane,Conventional,ME-GA,2024
9880192,Marvel Swan Navigare Capital Partners Samsung,174000,Membrane,Conventional,DFDE,2021
9770945,Megara Seapeak Hanwha Ocean,173000,Membrane,Conventional,ME-GI,2018
9397303,Mekaines Nakilat Samsung,266500,Membrane,Q-Max,SSD,2009
9250191,Merchant Sinokor Merchant Marine Samsung,138200,Membrane,Conventional,Steam,2003
9337729,Mesaimeer Nakilat HD Hyundai,216300,Membrane,Q-Flex,SSD,2009
9243148,Metagas Everest Nur Global Shipping Hanwha Ocean,138000,Membrane,Conventional,Steam,2003
9321768,Methane Alison Victoria Gaslog Samsung,145000,Membrane,FSU,Steam,2007
9516129,Methane Becki Anne GasLog Samsung,170000,Membrane,Conventional,DFDE,2010
9321744,Methane Heather Sally Huaxia Financial Leasing Samsung,145000,Membrane,Conventional,Steam,2007
9307190,Methane Jane Elizabeth GasLog Samsung,145000,Membrane,Conventional,Steam,2006
9412880,Methane Julia Louise MOL Samsung,170000,Membrane,Conventional,DFDE,2010
9520376,Methane Mickie Harper Meiji Shipping Samsung,170000,Membrane,Conventional,DFDE,2010
9321770,"Methane Nile Eagle Shell, Gaslog Samsung",145000,Membrane,Conventional,Steam,2007
9425277,Methane Patricia Camila Meiji Shipping Samsung,170000,Membrane,Conventional,DFDE,2010
9307188,"Methane Rita Andrea Shell, Gaslog Samsung",145000,Membrane,Conventional,Steam,2006
9321732,"Milaha Qatar Nakilat, Qatar Shpg., SocGen Samsung",145600,Membrane,Conventional,Steam,2006
9255854,"Milaha Ras Laffan Nakilat, Qatar Shpg., SocGen Samsung",138300,Membrane,Conventional,Steam,2004
9264910,Prima Carrier (ex-Pacific Eurus) Soechi Lines Mitsubishi,137000,Spherical,Conventional,Steam,2006
9256793,Prima Concord Soechi Lines Samsung,138000,Membrane,Conventional,Steam,2004
9810549,Prism Agility SK Shipping HD Hyundai,180000,Membrane,Conventional,X-DF,2019
9810551,Prism Brilliance SK Shipping HD Hyundai,180000,Membrane,Conventional,X-DF,2019
9888481,Prism Courage SK Shipping HD Hyundai,174000,Membrane,Conventional,X-DF,2021
9904651,Prism Diversity SK Shipping HD Hyundai,180000,Membrane,Conventional,X-DF,2022
9630028,Pskov Sovcomflot STX,170200,Membrane,Conventional,DFDE,2014
9030814,Puteri Delima MISC Chantiers de l'Atlantique,130000,Membrane,Conventional,Steam,1995
9248502,Puteri Firus Satu MISC Mitsubishi,137500,Membrane,Conventional,Steam,2004
9030802,Puteri Intan MISC Chantiers de l'Atlantique,130000,Membrane,Conventional,Steam,1994
9947598,Puteri Ledang (ex-Hull 3297) Hyundai LNG Shipping HD Hyundai,174000,Membrane,Conventional,ME-GA,2024
9947603,Puteri Mahsuri (ex-Hull 3298) Hyundai LNG Shipping HD Hyundai,174000,Membrane,Conventional,ME-GA,2024
9261205,Puteri Mutiara Satu MISC Mitsui,137000,Membrane,Conventional,Steam,2005
9030826,Puteri Nilam MISC Chantiers de l'Atlantique,130000,Membrane,Conventional,Steam,1995
9229647,Puteri Nilam Satu MISC Mitsubishi Heavy Industries,134833,Membrane,Conventional,Steam,2003
9937945,Puteri Saadong Hyundai LNG Shipping HD Hyundai,174000,Membrane,Conventional,X-DF,2024
9937957,Puteri Santubong (ex-Hull 3295) Hyundai LNG Shipping HD Hyundai,174000,Membrane,Conventional,X-DF,2024
9937969,Puteri Sejinjang - 3 (Hull 3296) Hyundai LNG Shipping HD Hyundai,174000,Membrane,Conventional,X-DF,2024
9030838,Puteri Zamrud MISC Chantiers de l'Atlantique,130000,Membrane,Conventional,Steam,1996
9245031,Puteri Zamrud Satu MISC Mitsui,137500,Membrane,Conventional,Steam,2004
9851787,Qogir TMS Cardiff Gas Samsung,174000,Membrane,Conventional,X-DF,2020
9963853,Quest Kirishima (2604) NYK Line Samsung,174000,Membrane,Conventional,X-DF,2024
9253703,"Raahi MOL, NYK Line, K Line, SCI, Nakilat, Petronet Hanwha Ocean",138100,Membrane,Conventional,Steam,2004
9443413,Rasheeda Nakilat Samsung,266300,Membrane,Q-Max,ME-GI,2010
9874040,Ravenna Knutsen Knutsen OAS HD Hyundai,30000,,,X-DF,2021
9953248,Rex Tillerson (1790A) MOL Hudong- Zhonghua,174000,Membrane,Conventional,X-DF,2024
9825568,Rias Baixas Knutsen Knutsen OAS HD Hyundai,180000,Membrane,Conventional,ME-GI,2019
9477593,Ribera Duero Knutsen Knutsen OAS Hanwha Ocean,173400,Membrane,Conventional,DFDE,2010
9721736,Rioja Knutsen Knutsen OAS HD Hyundai,176000,Membrane,Conventional,ME-GI,2016
9750713,Rudolf Samoylovich Seapeak Hanwha Ocean,172000,Membrane,,DFDE,2018
9946386,Saint Barbara Knutsen OAS HD Hyundai,174000,Membrane,Conventional,X-DF,2023
9300817,"Salalah LNG Asyad Shipping, MOL Samsung",147000,Membrane,Conventional,Steam,2005
9904170,Santander Knutsen Knutsen OAS HD Hyundai,174000,Membrane,Conventional,X-DF,2022
9976903,Nuaijah (Hull 2546) K3 Consortium Samsung,174000,Membrane,FSRU,ME-GA,2024
9315692,Ob River CDB Leasing HD Hyundai,149700,Membrane,Conventional,Steam,2007
9698111,"Oceanic Breeze K Line, Inpex Mitsubishi",155300,Spherical,Conventional,Steam,2018
9397353,Onaiza Nakilat Hanwha Ocean,210200,Membrane,Q-Flex,SSD,2009
9902926,Orion Bohemia JP Morgan HD Hyundai,174000,Membrane,Conventional,X-DF,2022
9956604,Orion Iris (2594) JP Morgan Samsung,174000,Membrane,Conventional,ME-GA,2024
9917543,Orion Jessica JP Morgan HD Hyundai,174000,Membrane,Conventional,X-DF,2023
9888766,Orion Monet JP Morgan Samsung,174000,Membrane,Conventional,X-DF,2022
9889904,Orion Sea JP Morgan Samsung,174000,Membrane,Conventional,X-DF,2022
9926922,Orion Sinead JP Morgan HD Hyundai,174000,Membrane,Conventional,X-DF,2024
9956587,Orion Spirit (ex-2592) JP Morgan Samsung,174000,Membrane,Conventional,ME-GA,2024
9889916,Orion Sun JP Morgan Samsung,174000,Membrane,Conventional,X-DF,2022
9761267,Ougarta HYPROC HD Hyundai,171800,Membrane,Conventional,DFDE,2017
9621077,Pacific Arcadia NYK Line Mitsubishi,145400,Spherical,Conventional,Steam,2014
9698123,Pacific Breeze K Line Kawasaki,182000,Spherical,Conventional,DFDE,2018
9351971,"Pacific Enlighten Kyushu Electric, TEPCO, Mitsubishi, Mitsui, NYK Line, MOL Mitsubishi",145000,Spherical,Conventional,Steam,2009
9743875,Pacific Mimosa NYK Line Mitsubishi,155300,Membrane,Conventional,Steam,2018
9247962,"Pacific Notus TEPCO, NYK Line, Mitsubishi Mitsubishi",137000,Spherical,Conventional,Steam,2003
9903425,Pacific Success (ex-Samsung Heavy Industries 2315) Sinokor Maritime Co Ltd Samsung,174000,Membrane,Conventional,X-DF,2024
9636735,Palu LNG TMS Cardiff Gas Hanwha Ocean,160000,Membrane,Conventional,DFDE,2014
9750256,"Pan Africa Seapeak, China LNG Shipping, CETS Investment Management, BW Hudong- Zhonghua",174000,Membrane,Conventional,DFDE,2019
9750232,Pan Americas Seapeak Hudong- Zhonghua,174000,Membrane,Conventional,DFDE,2018
9750220,Pan Asia Seapeak Hudong- Zhonghua,174000,Membrane,Conventional,DFDE,2017
9750244,Pan Europe Seapeak Hudong- Zhonghua,174000,Membrane,Conventional,DFDE,2018
9613135,"Papua MOL, China LNG Hudong- Zhonghua",172000,Membrane,Conventional,SSD,2015
9946350,Paris Knutsen Knutsen OAS HD Hyundai,174000,Membrane,Conventional,X-DF,2023
9766889,Patris Chandris Group Hanwha Ocean,173400,Membrane,Conventional,ME-GI,2018
9862346,Pearl LNG TMS Cardiff Gas Samsung,174000,Membrane,Conventional,X-DF,2020
9629524,PGN,170000,Membrane,FSRU,DFDE,2014
9256602,Pioneer Spirit (ex-LNG Pioneer) Nur Global Shipping Hanwha Ocean,138000,Membrane,Conventional,Steam,2005
9375721,"Point Fortin MOL, Sumitomo, LNG JAPAN Imabari",154200,Membrane,Conventional,Steam,2010
9246621,Portovyy Gazprom Hanwha Ocean,138100,Membrane,FSU,Steam,2003
9723801,"Prachi MOL, NYK Line, K Line, SCI, Nakilat, Petronet HD Hyundai",173000,Membrane,Conventional,DFDE,2016
9915894,Shaolin COSCO Hudong- Zhonghua,174000,Membrane,Conventional,X-DF,2022
9583677,"Shen Hai China LNG, CNOOC, Shanghai LNG Hudong- Zhonghua",147600,Membrane,Conventional,Steam,2012
9791200,Shinshu Maru MOL Kawasaki,177000,Spherical,Conventional,DFDE,2019
9320386,"Simaisma Maran Gas Maritime, Nakilat Hanwha Ocean",145700,Membrane,Conventional,Steam,2006
9238040,Singapore Energy Sinokor Merchant Marine Samsung,138000,Membrane,Conventional,Steam,2003
9693161,"SK Audace SK Shipping, Marubeni Samsung",180000,Membrane,Conventional,X-DF,2017
9693173,"SK Resolute SK Shipping, Marubeni Samsung",180000,Membrane,Conventional,X-DF,2018
9247194,SK Sunrise SK Shipping Samsung,138200,Membrane,Conventional,Steam,2003
9902902,SM Albatross Korea Line HD Hyundai,174000,Membrane,Conventional,X-DF,2022
9902914,SM Bluebird Korea Line HD Hyundai,174000,Membrane,Conventional,X-DF,2022
9761827,SM Eagle Korea Line Hanwha Ocean,174000,Membrane,Conventional,ME-GI,2017
9917567,SM Golden Eagle Korea Line HD Hyundai,174000,Membrane,Conventional,X-DF,2023
9917579,SM Kestrel Korea Line HD Hyundai,174000,Membrane,Conventional,ME-GA,2023
9761839,SM Seahawk Korea Line Hanwha Ocean,174000,Membrane,Conventional,ME-GI,2017
9210816,"Sohar LNG Asyad Shipping, MOL Mitsubishi",137200,Spherical,Conventional,Steam,2001
9791212,"Sohshu Maru MOL, JERA Kawasaki",177300,Spherical,Conventional,DFDE,2019
9634098,Solaris GasLog Samsung,155000,Membrane,Conventional,DFDE,2014
9482304,"Sonangol Benguela Mitsui, Sonangol, Sojlitz Hanwha Ocean",160000,Membrane,Conventional,Steam,2011
9482299,"Sonangol Etosha Mitsui, Sonangol, Sojlitz Hanwha Ocean",160000,Membrane,Conventional,Steam,2011
9475600,"Sonangol Sambizanga Mitsui, Sonangol, Sojlitz Hanwha Ocean",160000,Membrane,Conventional,Steam,2011
9613147,"Southern Cross MOL, China LNG Hudong- Zhonghua",168400,Membrane,Conventional,SSD,2015
9475208,"Soyo Mitsui, NYK Line, Seapeak Samsung",160400,Membrane,Conventional,DFDE,2011
9361639,"Spirit Of Hela MOL, Itochu HD Hyundai",177000,Membrane,Conventional,DFDE,2009
9315393,Stena Blue Sky Unknown Hanwha Ocean,145700,Membrane,Conventional,Steam,2006
9322255,Summit LNG Excelerate Energy Hanwha Ocean,138000,Membrane,FSRU,Steam,2006
9330745,Symphonic Breeze K Line Kawasaki,147600,Spherical,Conventional,Steam,2007
9403669,"Taitar No.1 CPC, Mitsui, NYK Line Mitsubishi",145300,Spherical,Conventional,Steam,2009
9403645,"Taitar No.2 MOL, NYK Line Kawasaki",145300,Spherical,Conventional,Steam,2009
9403671,"Taitar No.3 MOL, NYK Line Mitsubishi",145300,Spherical,Conventional,Steam,2010
9403657,"Taitar No.4 CPC, Mitsui, NYK Line Kawasaki",145300,Spherical,Conventional,Steam,2010
9334284,"Tangguh Batur NYK Line, Sovcomflot Hanwha Ocean",145700,Membrane,Conventional,Steam,2008
9349007,"Tangguh Foja K Line, PT Meratus Samsung",154800,Membrane,Conventional,DFDE,2008
9333632,Tangguh Hiri Seapeak HD Hyundai,155000,Membrane,Conventional,DFDE,2008
9349019,"Tangguh Jaya K Line, PT Meratus Samsung",155000,Membrane,Conventional,DFDE,2008
9355379,"Tangguh Palung K Line, PT Meratus Samsung",155000,Membrane,Conventional,DFDE,2009
9361990,Tangguh Sago Seapeak HD Hyundai,155000,Membrane,Conventional,DFDE,2009
9325893,"Tangguh Towuti NYK Line, PT Samudera, Sovcomflot Hanwha Ocean",145700,Membrane,Conventional,Steam,2008
9849887,SCF La Perouse Sovcomflot HD Hyundai,174000,Membrane,Conventional,X-DF,2020
9339260,"Seapeak Arwa Seapeak, Marubeni Samsung",168900,Membrane,Conventional,DFDE,2008
9771080,Seapeak Bahrain Seapeak Hanwha Ocean,173400,Membrane,FSU,ME-GI,2018
9236420,Seapeak Catalunya Seapeak IZAR,138200,Membrane,Conventional,Steam,2003
9681687,Seapeak Creole Seapeak Hanwha Ocean,173400,Membrane,Conventional,ME-GI,2016
9247364,Seapeak Galicia Seapeak Hanwha Ocean,140500,Membrane,Conventional,Steam,2004
9781918,Seapeak Glasgow Seapeak HD Hyundai,174000,Membrane,Conventional,ME-GI,2018
9230048,Seapeak Hispania Seapeak Hanwha Ocean,140500,Membrane,Conventional,Steam,2002
9259276,Seapeak Madrid Seapeak IZAR,138000,Membrane,Conventional,Steam,2004
9342487,"Seapeak Magellan Seapeak, Marubeni Samsung",165500,Membrane,Conventional,DFDE,2009
9336749,Seapeak Marib Seapeak Samsung,165500,Membrane,Conventional,DFDE,2008
9369904,"Seapeak Meridian Seapeak, Marubeni Samsung",165500,Membrane,Conventional,DFDE,2010
9336737,"Seapeak Methane Seapeak, Marubeni Samsung",165500,Membrane,Conventional,DFDE,2008
9681699,Seapeak Oak Seapeak Hanwha Ocean,173400,Membrane,Conventional,ME-GI,2016
9721401,Seapeak Vanvouver Seapeak Hanwha Ocean,173000,Membrane,Conventional,ME-GI,2017
9781920,Seapeak Yamal Seapeak HD Hyundai,174000,Membrane,Conventional,ME-GI,2019
9666558,"Seishu Maru Mitsubishi, NYK Line, Chubu Electric Mitsubishi",153000,Membrane,Conventional,Steam,2014
9293832,Seri Alam MISC Samsung,145700,Membrane,Conventional,Steam,2005
9293844,Seri Amanah MISC Samsung,145700,Membrane,Conventional,Steam,2006
9321653,Seri Anggun MISC Samsung,145700,Membrane,Conventional,Steam,2006
9321665,Seri Angkasa MISC Samsung,145700,Membrane,Conventional,Steam,2006
9329679,Seri Ayu MISC Samsung,145700,Membrane,Conventional,Steam,2007
9331634,Seri Bakti MISC Mitsubishi,152300,Membrane,Conventional,Steam,2007
9331660,Seri Balhaf MISC Mitsubishi,157000,Membrane,Conventional,DFDE,2009
9331672,Seri Balqis MISC Mitsubishi,152000,Membrane,Conventional,DFDE,2009
9331646,Seri Begawan MISC Mitsubishi,152300,Membrane,Conventional,Steam,2007
9331658,Seri Bijaksana MISC Mitsubishi,152300,Membrane,Conventional,Steam,2008
9714305,Seri Camar PETRONAS HD Hyundai,150200,Membrane,Conventional,Steam,2018
9714276,Seri Camellia PETRONAS HD Hyundai,150200,Membrane,Conventional,Steam,2016
9756389,Seri Cemara PETRONAS HD Hyundai,150200,Spherical,Conventional,Steam,2018
9714290,Seri Cempaka PETRONAS HD Hyundai,150200,Spherical,Conventional,ME-GI,2017
9714288,Seri Cenderawasih PETRONAS HD Hyundai,150200,Spherical,Conventional,Steam,2017
9896440,Seri Damai MISC Samsung,174000,Membrane,Conventional,X-DF,2023
9896452,Seri Daya MISC Samsung,174000,Membrane,Conventional,X-DF,2023
9338797,Sestao Knutsen Knutsen OAS IZAR,138000,Membrane,Conventional,Steam,2007
9414632,Sevilla Knutsen Knutsen OAS Hanwha Ocean,173400,Membrane,Conventional,DFDE,2010
9418365,Shagra Nakilat Samsung,266300,Membrane,Q-Max,SSD,2009
9035852,Shahamah National Gas Shipping Co Kawasaki,135000,Spherical,Conventional,Steam,1994
9253222,Shandong Juniper Shell Mitsubishi,135000,Spherical,Conventional,Steam,2004
9627485,Woodside Rogers Maran Gas Maritime Hanwha Ocean,159800,Membrane,Conventional,DFDE,2013
9975040,Woodside Scarlet Ibis (8170) Hyundai Glovis HD Hyundai,174000,Membrane,Conventional,ME-GA,2024
9915909,Wudang COSCO Hudong- Zhonghua,174000,Membrane,Conventional,X-DF,2022
9210828,Xinhang Energy Xinhang Shipping Co. Ltd. Mitsubishi,137000,Spherical,Conventional,Steam,2002
9750672,"Yakov Gakkel Seapeak, China LNG Shipping Hanwha Ocean",172000,Membrane,,DFDE,2019
9636747,Yari LNG TMS Cardiff Gas Hanwha Ocean,160000,Membrane,Conventional,DFDE,2014
9629586,Yenisei River Dynagas HD Hyundai,155000,Membrane,Conventional,DFDE,2013
9879674,Yiannis Maran Gas Maritime Hanwha Ocean,174000,Membrane,Conventional,ME-GI,2021
9431214,Zarga Nakilat Samsung,266000,Membrane,Q-Max,SSD,2010
9132818,Zekreet J4 Consortium Mitsui,137500,Spherical,Conventional,Steam,1998
9337731,"Tembek Nakilat, Asyad Shipping Samsung",216200,Membrane,Q-Flex,SSD,1982
9892456,Tenergy Tsakos HD Hyundai,174000,Membrane,Conventional,X-DF,2022
9761243,Tessala HYPROC HD Hyundai,171800,Membrane,Conventional,DFDE,2016
9006681,Torman II (ex-LNG Flora) NYK Line Kawasaki,127700,Spherical,FSU,Steam,1993
9238038,Trader II Capital Gas Samsung,138000,Membrane,Conventional,Steam,2002
9213416,Trader III Capital Gas Mitsubishi,137500,Membrane,Conventional,Steam,2002
9854765,Traiano Knutsen Knutsen OAS HD Hyundai,180000,Membrane,Conventional,ME-GI,2020
9350927,Trinity Glory K Line Imabari,155000,Membrane,Conventional,Steam,2009
9823883,Turquoise P Pardus Energy HD Hyundai,170000,Membrane,FSRU,DFDE,2019
9360829,"Umm Al Amad NYK Line, K Line, MOL, lino, Mitsui, Nakilat Hanwha Ocean",210200,Membrane,Q-Flex,SSD,2008
9074652,Umm Al Ashtan National Gas Shipping Co Kvaerner Masa,135000,Spherical,Conventional,Steam,1997
9308431,"Umm Bab Maran Gas Maritime, Nakilat Hanwha Ocean",145700,Membrane,Conventional,Steam,2005
9953250,Umm Ghuwailina (1791A) MOL Hudong- Zhonghua,174000,Membrane,Conventional,X-DF,2024
9977232,Umm Graybah (2597) JP Morgan Samsung,174000,Membrane,Conventional,ME-GA,2024
9372731,Umm Slal Nakilat Samsung,266000,Membrane,Q-Max,SSD,2008
9434266,Valencia Knutsen Knutsen OAS Hanwha Ocean,173400,Membrane,Conventional,DFDE,2010
9837066,Vasant 1 Botas HD Hyundai,180000,Membrane,FSRU,DFDE,2020
9630004,Velikiy Novgorod Sovcomflot STX,170200,Membrane,Conventional,DFDE,2014
9958846,Venture Bayou Venture Global Samsung,174000,Membrane,Conventional,ME-GA,2024
9956599,Venture Gator Venture Global Samsung,174000,Membrane,Conventional,ME-GA,2024
9895238,Vivirt City LNG H-Line Shipping HD Hyundai,174000,Membrane,Conventional,X-DF,2021
9950105,Vivit Africa LNG H-Line Shipping HD Hyundai,174000,Membrane,Conventional,X-DF,2023
9864667,Vivit Americas LNG TMS Cardiff Gas HD Hyundai,170520,Membrane,Conventional,X-DF,2020
9902756,Vivit Arabia LNG H-Line Shipping HD Hyundai,174000,Membrane,Conventional,X-DF,2022
9750701,Vladimir Rusanov MOL Hanwha Ocean,172000,Membrane,,DFDE,2018
9750658,Vladimir Vize MOL Hanwha Ocean,172000,Membrane,,DFDE,2018
9750737,"Vladimir Voronin Seapeak, China LNG Shipping Hanwha Ocean",172000,Membrane,,DFDE,2019
9892121,Wen Cheng CSSC Shpg Leasing Hudong- Zhonghua,174000,Membrane,Conventional,X-DF,2023
9627954,Wilforce CDB Leasing Hanwha Ocean,160000,Membrane,Conventional,DFDE,2013
9627966,Wilpride CDB Leasing Hanwha Ocean,160000,Membrane,Conventional,DFDE,2013
9753026,Woodside Chaney Maran Gas Maritime HD Hyundai,174000,Membrane,Conventional,ME-GI,2019
9859753,Woodside Charles Allen Maran Gas Maritime Hanwha Ocean,173400,Membrane,Conventional,ME-GI,2020
9369899,"Woodside Donaldson Seapeak, Marubeni Samsung",165500,Membrane,Conventional,DFDE,2009
9633161,Woodside Goode Maran Gas Maritime Hanwha Ocean,159800,Membrane,Conventional,DFDE,2013
9810367,Woodside Rees Wither Maran Gas Maritime Hanwha Ocean,173400,Membrane,Conventional,ME-GI,2019
9959008,Hull 2599 Celsius Shipping Samsung Heavy Industries,180000,,,ME-GA,2025
9982689,Hull 2612 H-Line Shipping Samsung Heavy Industries,174000,,,ME-GA,2025
9969223,Hull 2619 Celsius Shipping Samsung Heavy Industries,180000,,,ME-GA,2025
9974149,Hull 2631 H-Line Shipping Samsung Heavy Industries,174000,,,X-DF,2025
9977244,Hull 2634 JP Morgan Samsung Heavy Industries,174000,,,ME-GA,2025
9977256,Hull 2637 JP Morgan Samsung Heavy Industries,174000,,,ME-GA,2025
9977268,Hull 2638 JP Morgan Samsung Heavy Industries,174000,,,ME-GA,2025
9980851,Hull 2639 JP Morgan Samsung Heavy Industries,174000,,,ME-GA,2025
9977270,Hull 2641 JP Morgan Samsung Heavy Industries,174000,,,ME-GA,2025
9977282,Hull 2642 JP Morgan Samsung Heavy Industries,174000,,,ME-GA,2025
9977294,Hull 2643 JP Morgan Samsung Heavy Industries,174000,,,ME-GA,2025
9977309,Hull 2644 JP Morgan Samsung Heavy Industries,174000,,,ME-GA,2025
9977311,Hull 2645 JP Morgan Samsung Heavy Industries,174000,,,ME-GA,2025
9977335,Hull 2647 JP Morgan Samsung Heavy Industries,174000,,,ME-GA,2025
9988700,Hull 2651 Celsius Shipping Samsung Heavy Industries,180000,,,ME-GA,2025
9975521,Hull 3370 SK Shipping HD Hyundai Heavy Industries,175000,,,ME-GA,2025
9981386,Hull 3383 Knutsen OAS HD Hyundai Heavy Industries,174000,,,X-DF,2025
9981398,Hull 3384 Knutsen OAS HD Hyundai Heavy Industries,174000,,,X-DF,2025
9946362,Hull 8102 Knutsen OAS HD Hyundai Heavy Industries,174000,,,X-DF,2025
9972218,Hull 8181 Knutsen OAS HD Hyundai Heavy Industries,174000,,,X-DF,2025
9953274,"Hull H1793A MOL, Cosco Shipping Energy Transportation Hudong-Zhonghua",174000,,,X-DF,2025
9986609,"Hull H1797A MISC, NYK Line, K Line, China LNG Hudong-Zhonghua",174000,,,X-DF,2025
9986611,"Hull H1798A MISC, NYK Line, K Line, China LNG Hudong-Zhonghua",174000,,,X-DF,2025
9979761,Hull H1892A Cosco Shipping Energy Transportation Hudong-Zhonghua,174000,,,X-DF,2025
9979773,Hull H1893A Cosco Shipping Energy Transportation Hudong-Zhonghua,174000,,,X-DF,2025
9997701,"Hull H1894A K Line, China Merchants Energy Shipping, CMC Hudong-Zhonghua",174000,,,X-DF,2025
9997672,"Hull H1895A K Line, China Merchants Energy Shipping, CMC Hudong-Zhonghua",174000,,,X-DF,2025
9997684,"Hull H1896A K Line, China Merchants Energy Shipping, CMC Hudong-Zhonghua",174000,,,X-DF,2025
9969388,Ignacy Jan Paderewski Knutsen OAS HD Hyundai Heavy Industries,174000,,,X-DF,2025
9918030,Ilya Mechnikov MOL Hanwha Ocean,172600,,,DFDE,2025
9965435,Jiangnan H2701 ADNOC L&S Jiangnan,174000,,,X-DF,2025
9972945,Jiangnan H2702 ADNOC L&S Jiangnan,174000,,,X-DF,2024
9904546,Alexey Kosygin Smart LNG Zvezda Shipbuilding,172600,,,DFDE,2025
9982677,Al-Kheesha H-Line Shipping Samsung Heavy Industries,174000,,,ME-GA,2025
9968944,BW Borealis BW Hanwha Ocean,174000,,,ME-GI,2025
9968932,BW Nivalis BW Hanwha Ocean,174000,,,ME-GI,2025
9967330,Clean Levant Dynagas HD Hyundai Heavy Industries,200000,,,X-DF,2025
9967328,Clean Mistral Dynagas HD Hyundai Heavy Industries,200000,,,X-DF,2025
9967342,Clean Srocco Dynagas HD Hyundai Heavy Industries,200000,,,X-DF,2025
9970650,Dalian No 1 G175K-1 China Merchants Energy Shipping Dalian Shipbuilding Industry Co,175000,,,X-DF,2025
9970662,Dalian No 1 G175K-2 China Merchants Energy Shipping Dalian Shipbuilding Industry Co,175000,,,X-DF,2025
9989118,Dalian No 1 G175K-3 China Merchants Energy Shipping Dalian Shipbuilding Industry Co,175000,,,X-DF,2025
9976147,Gail Sagar CoolCo Hyundai Samho Heavy Industries,174000,,,ME-GA,2025
9972359,HL Alyssa Warner H-Line Shipping Samsung Heavy Industries,174000,,,ME-GA,2025
9972361,HL Edward Austin H-Line Shipping Samsung Heavy Industries,174000,,,ME-GA,2025
9986283,HL Fortuna H-Line Shipping Hyundai Samho Heavy Industries,174000,,,X-DF,2025
9972373,HL Sea Eagle H-Line Shipping Samsung Heavy Industries,174000,,,ME-GA,2025
9904704,Hull 045 Smart LNG Zvezda Shipbuilding,172600,,,DFDE,2025
9918779,Hull 046 Smart LNG Zvezda Shipbuilding,172600,,,DFDE,2025
9918781,Hull 047 Smart LNG Zvezda Shipbuilding,172600,,,DFDE,2025
9918793,Hull 048 Smart LNG Zvezda Shipbuilding,172600,,,DFDE,2025
9918808,Hull 049 Smart LNG Zvezda Shipbuilding,172600,,,DFDE,2025
9918810,Hull 050 Smart LNG Zvezda Shipbuilding,172600,,,DFDE,2025
9918846,Hull 053 Smart LNG Zvezda Shipbuilding,172600,,,DFDE,2025
9918858,Hull 054 Smart LNG Zvezda Shipbuilding,172600,,,DFDE,2025
9918860,Hull 055 Smart LNG Zvezda Shipbuilding,172600,,,DFDE,2025
9928061,Hull 2393 NYK Line Samsung Heavy Industries,174000,,,X-DF,2025
9928073,Hull 2394 NYK Line Samsung Heavy Industries,174000,,,X-DF,2025
9928085,Hull 2395 Lantus Marine Inc. Samsung Heavy Industries,174000,,,X-DF,2025
9928097,Hull 2396 Tarrace Navigation Corp. Samsung Heavy Industries,174000,,,X-DF,2025
9961398,Hull 2537 Maran Gas Maritime Hanwha Ocean,174000,,,ME-GI,2025
9961403,Hull 2538 Maran Gas Maritime Hanwha Ocean,174000,,,ME-GI,2025
9963815,Hull 2539 Maran Gas Maritime Hanwha Ocean,174000,,,ME-GI,2025
9963827,Hull 2540 Maran Gas Maritime Hanwha Ocean,174000,,,ME-GI,2025
9970686,Hull 2551 MOL Hanwha Ocean,174000,,,ME-GA,2025
9991850,Hull 2566 Meiji Shipping Hanwha Ocean,174000,,,X-DF,2025
9958999,Hull 2598 Celsius Shipping Samsung Heavy Industries,180000,,,ME-GA,2025
9972385,HL Puffin H-Line Shipping Samsung Heavy Industries,174000,,,ME-GA,2026
9918822,Hull 051 Smart LNG Zvezda Shipbuilding,172600,,,DFDE,2026
9918834,Hull 052 Smart LNG Zvezda Shipbuilding,172600,,,DFDE,2026
9903437,Hull 2316 Sinokor Maritime Co Ltd Samsung Heavy Industries,174000,,,X-DF,2026
9970569,Hull 2541 Venture Global Hanwha Ocean,200000,,,ME-GI,2026
9970571,Hull 2542 Venture Global Hanwha Ocean,200000,,,ME-GI,2026
9970583,Hull 2543 Venture Global Hanwha Ocean,200000,,,ME-GI,2026
9976939,Hull 2549 K3 Consortium Hanwha Ocean,174000,,,ME-GA,2026
9970674,Hull 2550 MOL Hanwha Ocean,174000,,,ME-GA,2026
9974606,Hull 2552 Maran Gas Maritime Hanwha Ocean,174000,,,ME-GI,2026
9974618,Hull 2553 Maran Gas Maritime Hanwha Ocean,174000,,,ME-GI,2026
9983176,Hull 2558 MOL Hanwha Ocean,174000,,,ME-GA,2026
9986051,Hull 2559 K3 Consortium Hanwha Ocean,174000,,,ME-GA,2026
9986104,Hull 2561 K3 Consortium Hanwha Ocean,174000,,,ME-GA,2026
9986063,Hull 2562 K3 Consortium Hanwha Ocean,174000,,,ME-GA,2026
9986099,Hull 2563 K3 Consortium Hanwha Ocean,174000,,,ME-GA,2026
9986116,Hull 2564 K3 Consortium Hanwha Ocean,174000,,,ME-GA,2026
9986075,Hull 2565 K3 Consortium Hanwha Ocean,174000,,,ME-GA,2026
9991862,Hull 2567 Meiji Shipping Hanwha Ocean,174000,,,X-DF,2026
9991874,Hull 2568 Meiji Shipping Hanwha Ocean,174000,,,X-DF,2026
9991903,Hull 2569 Meiji Shipping Hanwha Ocean,174000,,,X-DF,2026
9991915,Hull 2570 MISC Hanwha Ocean,174000,,,X-DF,2026
9991927,Hull 2571 MISC Hanwha Ocean,174000,,,X-DF,2026
9991939,Hull 2572 TMS Cardiff Gas Hanwha Ocean,174000,,,X-DF,2026
9991941,Hull 2573 TMS Cardiff Gas Hanwha Ocean,174000,,,X-DF,2026
9997634,Hull 2574 Venture Global Hanwha Ocean,200000,,,ME-GI,2026
9997658,Hull 2575 Venture Global Hanwha Ocean,200000,,,ME-GI,2026
9989429,Hull 2576 MOL Hanwha Ocean,174000,,,ME-GA,2026
9987445,Hull 2579 Maran Gas Maritime Hanwha Ocean,174000,,,ME-GI,2026
9972684,Hull 2636 TMS Cardiff Gas Samsung Heavy Industries,174000,,,ME-GA,2026
9981049,Hull 2640 JP Morgan Samsung Heavy Industries,174000,,,ME-GA,2026
9977323,Hull 2646 JP Morgan Samsung Heavy Industries,174000,,,ME-GA,2026
9988023,Hull 2652 Minerva Marine Samsung Heavy Industries,174000,,,ME-GA,2026
9988035,Hull 2653 Minerva Marine Samsung Heavy Industries,174000,,,X-DF,2026
9904699,Konstantin Posiet Smart LNG Zvezda Shipbuilding,172600,,,DFDE,2025
9976927,Lebrethah K3 Consortium Hanwha Ocean,174000,,,ME-GA,2025
9918016,Lev Landau Hanwha Ocean Hanwha Ocean,172600,,,X-DF,2025
9975507,Mareekh Knutsen OAS HD Hyundai Heavy Industries,174000,,,X-DF,2025
9975519,Mesaieed Knutsen OAS HD Hyundai Heavy Industries,174000,,,X-DF,2025
9956953,MOL Azure MOL Hanwha Ocean,174000,,,ME-GA,2025
9947512,New Oasis Pan Ocean HD Hyundai Heavy Industries,174000,,,X-DF,2025
9918042,Nikolay Basov MOL Hanwha Ocean,172600,,,DFDE,2025
9918054,Nikolay Semenov MOL Hanwha Ocean,172600,,,DFDE,2025
9958327,North Valley MOL Hanwha Ocean,174000,,,ME-GA,2025
9947639,Orion Gaugin JP Morgan Hyundai Samho Heavy Industries,174000,,,X-DF,2025
9947627,Orion Hugo JP Morgan Hyundai Samho Heavy Industries,174000,,,X-DF,2025
9958858,Orion Saint (Hull 2601) JP Morgan Samsung Heavy Industries,174000,,,ME-GA,2025
9956616,Orion Sirius JP Morgan Samsung Heavy Industries,174000,,,ME-GA,2025
9947615,Puteri Mayang Hyundai LNG Shipping Hyundai Samho Heavy Industries,174000,,,ME-GA,2025
9918004,Pyotr Kapitsa Hanwha Ocean Hanwha Ocean,172600,,,DFDE,2025
9904675,Pyotr Stolypin Smart LNG Zvezda Shipbuilding,172600,,,DFDE,2025
9904687,Sergei Witte Smart LNG Zvezda Shipbuilding,172600,,,DFDE,2025
9976915,Umm Swayyah K3 Consortium Hanwha Ocean,174000,,,ME-GA,2025
9960588,Venture Acadia BW Hanwha Ocean,174000,,,ME-GI,2025
9960590,Venture Creole BW Hanwha Ocean,174000,,,ME-GI,2025
9981374,Wadi Al Syl Knutsen OAS HD Hyundai Heavy Industries,174000,,,X-DF,2025
9962433,Woodside Barrumbara Gaslog Hanwha Ocean,174000,,,ME-GI,2025
9962421,Woodside Jirrubakura Gaslog Hanwha Ocean,174000,,,ME-GI,2025
9918028,Zhores Alferov Hanwha Ocean Hanwha Ocean,172600,,,DFDE,2025
9975337,Agamemnon Capital Gas Hyundai Samho Heavy Industries,174000,,,ME-GA,2026
9995727,Alcaios I Capital Gas Hyundai Samho Heavy Industries,174000,,,X-DF,2026
9986087,Al-Slaimi K3 Consortium Hanwha Ocean,174000,,,ME-GA,2026
9995739,Antaios I Capital Gas Hyundai Samho Heavy Industries,174000,,,X-DF,2026
9975325,Archimidis Capital Gas Hyundai Samho Heavy Industries,174000,,,ME-GA,2026
9994046,Clean Brownsville Dynagas HD Hyundai Heavy Industries,200000,,,ME-GA,2026
9989120,Dalian No 1 G175K-4 China Merchants Energy Shipping Dalian Shipbuilding Industry Co,175000,,,X-DF,2026
